{
	"info": {
		"_postman_id": "676b032a-7197-4144-9b88-71dbe76b440a",
		"name": "Wallet API Endpoints",
		"description": "Collection of wallet-related endpoints for withdrawal operations",
		"schema": "https://schema.getpostman.com/json/collection/v2.1.0/collection.json",
		"_exporter_id": "27281825"
	},
	"item": [
		{
			"name": "Get All Withdrawals",
			"request": {
				"method": "GET",
				"header": [
					{
						"key": "Accept",
						"value": "application/json",
						"type": "text"
					},
					{
						"key": "Authorization",
						"value": "Bearer {{auth_token}}",
						"type": "text"
					}
				],
				"url": {
					"raw": "{{base_url}}/api/wallet/get-withdrawals/all",
					"host": [
						"{{base_url}}"
					],
					"path": [
						"api",
						"wallet",
						"get-withdrawals",
						"all"
					]
				},
				"description": "Get all wallet withdrawals for the authenticated user"
			},
			"response": []
		},
		{
			"name": "Get Paginated Withdrawals",
			"request": {
				"method": "GET",
				"header": [
					{
						"key": "Accept",
						"value": "application/json",
						"type": "text"
					},
					{
						"key": "Authorization",
						"value": "Bearer {{auth_token}}",
						"type": "text"
					}
				],
				"url": {
					"raw": "{{base_url}}/api/wallet/get-withdrawals/paginate?page=1&per_page=10",
					"host": [
						"{{base_url}}"
					],
					"path": [
						"api",
						"wallet",
						"get-withdrawals",
						"paginate"
					],
					"query": [
						{
							"key": "page",
							"value": "1"
						},
						{
							"key": "per_page",
							"value": "10"
						}
					]
				},
				"description": "Get paginated wallet withdrawals for the authenticated user"
			},
			"response": []
		},
		{
			"name": "Request Withdrawal",
			"request": {
				"method": "POST",
				"header": [
					{
						"key": "Accept",
						"value": "application/json",
						"type": "text"
					},
					{
						"key": "Content-Type",
						"value": "application/json",
						"type": "text"
					},
					{
						"key": "Authorization",
						"value": "Bearer {{auth_token}}",
						"type": "text"
					}
				],
				"body": {
					"mode": "raw",
					"raw": "{\n    \"amount\": 100,\n    \"payment_type\": \"vodafone_cash\",\n    \"payment_number\": \"01012345678\",\n    \"pin\": \"123456\"\n}",
					"options": {
						"raw": {
							"language": "json"
						}
					}
				},
				"url": {
					"raw": "{{base_url}}/api/wallet/withdraw",
					"host": [
						"{{base_url}}"
					],
					"path": [
						"api",
						"wallet",
						"withdraw"
					]
				},
				"description": "Request a withdrawal from the wallet. Payment type can be 'vodafone_cash' (requires Egyptian phone number format) or 'instapay' (requires address format starting with @)"
			},
			"response": []
		}
	],
	"event": [
		{
			"listen": "prerequest",
			"script": {
				"type": "text/javascript",
				"packages": {},
				"requests": {},
				"exec": [
					""
				]
			}
		},
		{
			"listen": "test",
			"script": {
				"type": "text/javascript",
				"packages": {},
				"requests": {},
				"exec": [
					""
				]
			}
		}
	],
	"variable": [
		{
			"key": "base_url",
			"value": "http://localhost:8000"
		},
		{
			"key": "auth_token",
			"value": "YOUR_AUTH_TOKEN"
		}
	]
}